,date,time,data_set,is_down_sample,down_sample_amount,n_points,n_clusters,clustering_algorithm,classification_metrics,f1,jaccard,precision,recall,mean_abs,mean_sqr,clustering_metrics,db,rand
0,2022-09-05,21-51PM,raw,True,0.075,136979,915,birch,"['f1', 'jaccard', 'precision', 'recall', 'mean_abs', 'mean_sqr']",0.7758147595436384,0.6337396775462053,0.9131912964641886,0.6743660557368818,0.033997912088714326,0.033997912088714326,"['db', 'rand']",0.8369399856320373,0.16056051115095285
1,2022-09-05,21-52PM,raw,True,0.075,136979,916,birch,"['f1', 'jaccard', 'precision', 'recall', 'mean_abs', 'mean_sqr']",0.7758147595436384,0.6337396775462053,0.9131912964641886,0.6743660557368818,0.033997912088714326,0.033997912088714326,"['db', 'rand']",0.836665269446795,0.16055842407684184
2,2022-09-05,21-52PM,raw,True,0.075,136979,917,birch,"['f1', 'jaccard', 'precision', 'recall', 'mean_abs', 'mean_sqr']",0.7804036239873449,0.639886801352095,0.9133752244165172,0.6812285546907692,0.03344308251629812,0.03344308251629812,"['db', 'rand']",0.8362277119221487,0.16055972023727033
3,2022-09-05,21-52PM,raw,True,0.075,136979,918,birch,"['f1', 'jaccard', 'precision', 'recall', 'mean_abs', 'mean_sqr']",0.7804036239873449,0.639886801352095,0.9133752244165172,0.6812285546907692,0.03344308251629812,0.03344308251629812,"['db', 'rand']",0.8355175836668445,0.1605576459542162
4,2022-09-05,21-52PM,raw,True,0.075,136979,919,birch,"['f1', 'jaccard', 'precision', 'recall', 'mean_abs', 'mean_sqr']",0.7804036239873449,0.639886801352095,0.9133752244165172,0.6812285546907692,0.03344308251629812,0.03344308251629812,"['db', 'rand']",0.8353234457864567,0.16055660390945067
5,2022-09-05,21-52PM,raw,True,0.075,136979,920,birch,"['f1', 'jaccard', 'precision', 'recall', 'mean_abs', 'mean_sqr']",0.7804036239873449,0.639886801352095,0.9133752244165172,0.6812285546907692,0.03344308251629812,0.03344308251629812,"['db', 'rand']",0.8350858643519171,0.16055492316457926
6,2022-09-05,21-52PM,raw,True,0.075,136979,921,birch,"['f1', 'jaccard', 'precision', 'recall', 'mean_abs', 'mean_sqr']",0.7804036239873449,0.639886801352095,0.9133752244165172,0.6812285546907692,0.03344308251629812,0.03344308251629812,"['db', 'rand']",0.8350204161818844,0.1605533741675935
7,2022-09-05,21-52PM,raw,True,0.075,136979,922,birch,"['f1', 'jaccard', 'precision', 'recall', 'mean_abs', 'mean_sqr']",0.7804036239873449,0.639886801352095,0.9133752244165172,0.6812285546907692,0.03344308251629812,0.03344308251629812,"['db', 'rand']",0.8347808758328256,0.16054983530852887
8,2022-09-05,21-53PM,raw,True,0.075,136979,923,birch,"['f1', 'jaccard', 'precision', 'recall', 'mean_abs', 'mean_sqr']",0.7804036239873449,0.639886801352095,0.9133752244165172,0.6812285546907692,0.03344308251629812,0.03344308251629812,"['db', 'rand']",0.8347563002999188,0.16054794159256075
9,2022-09-05,21-53PM,raw,True,0.075,136979,924,birch,"['f1', 'jaccard', 'precision', 'recall', 'mean_abs', 'mean_sqr']",0.7804036239873449,0.639886801352095,0.9133752244165172,0.6812285546907692,0.03344308251629812,0.03344308251629812,"['db', 'rand']",0.8351534019438863,0.16054325335044511
10,2022-09-05,21-53PM,raw,True,0.075,136979,925,birch,"['f1', 'jaccard', 'precision', 'recall', 'mean_abs', 'mean_sqr']",0.7804036239873449,0.639886801352095,0.9133752244165172,0.6812285546907692,0.03344308251629812,0.03344308251629812,"['db', 'rand']",0.8356125297729096,0.16054034871461648
11,2022-09-05,21-53PM,raw,True,0.075,136979,926,birch,"['f1', 'jaccard', 'precision', 'recall', 'mean_abs', 'mean_sqr']",0.7804036239873449,0.639886801352095,0.9133752244165172,0.6812285546907692,0.03344308251629812,0.03344308251629812,"['db', 'rand']",0.8353215570777959,0.16053834808673142
12,2022-09-05,21-53PM,raw,True,0.075,136979,927,birch,"['f1', 'jaccard', 'precision', 'recall', 'mean_abs', 'mean_sqr']",0.7804036239873449,0.639886801352095,0.9133752244165172,0.6812285546907692,0.03344308251629812,0.03344308251629812,"['db', 'rand']",0.8352650190248708,0.16053689715451494
13,2022-09-05,21-53PM,raw,True,0.075,136979,928,birch,"['f1', 'jaccard', 'precision', 'recall', 'mean_abs', 'mean_sqr']",0.7804036239873449,0.639886801352095,0.9133752244165172,0.6812285546907692,0.03344308251629812,0.03344308251629812,"['db', 'rand']",0.8353050173085582,0.1605349294636013
14,2022-09-05,21-53PM,raw,True,0.075,136979,929,birch,"['f1', 'jaccard', 'precision', 'recall', 'mean_abs', 'mean_sqr']",0.7804036239873449,0.639886801352095,0.9133752244165172,0.6812285546907692,0.03344308251629812,0.03344308251629812,"['db', 'rand']",0.8354555938000929,0.16053206693166816
15,2022-09-05,21-54PM,raw,True,0.075,136979,930,birch,"['f1', 'jaccard', 'precision', 'recall', 'mean_abs', 'mean_sqr']",0.7804036239873449,0.639886801352095,0.9133752244165172,0.6812285546907692,0.03344308251629812,0.03344308251629812,"['db', 'rand']",0.8350569573889504,0.16053205009010996
16,2022-09-05,21-54PM,raw,True,0.075,136979,931,birch,"['f1', 'jaccard', 'precision', 'recall', 'mean_abs', 'mean_sqr']",0.7804036239873449,0.639886801352095,0.9133752244165172,0.6812285546907692,0.03344308251629812,0.03344308251629812,"['db', 'rand']",0.8354575256632389,0.16053056462203993
17,2022-09-05,21-54PM,raw,True,0.075,136979,932,birch,"['f1', 'jaccard', 'precision', 'recall', 'mean_abs', 'mean_sqr']",0.7804036239873449,0.639886801352095,0.9133752244165172,0.6812285546907692,0.03344308251629812,0.03344308251629812,"['db', 'rand']",0.8356163920238383,0.16052868433668152
18,2022-09-05,21-54PM,raw,True,0.075,136979,933,birch,"['f1', 'jaccard', 'precision', 'recall', 'mean_abs', 'mean_sqr']",0.7804036239873449,0.639886801352095,0.9133752244165172,0.6812285546907692,0.03344308251629812,0.03344308251629812,"['db', 'rand']",0.8357190851143339,0.16052752930424705
19,2022-09-05,21-54PM,raw,True,0.075,136979,934,birch,"['f1', 'jaccard', 'precision', 'recall', 'mean_abs', 'mean_sqr']",0.7804036239873449,0.639886801352095,0.9133752244165172,0.6812285546907692,0.03344308251629812,0.03344308251629812,"['db', 'rand']",0.8353053896311501,0.16052602155841966
20,2022-09-05,21-54PM,raw,True,0.075,136979,935,birch,"['f1', 'jaccard', 'precision', 'recall', 'mean_abs', 'mean_sqr']",0.7804036239873449,0.639886801352095,0.9133752244165172,0.6812285546907692,0.03344308251629812,0.03344308251629812,"['db', 'rand']",0.8350148290771151,0.16052409714391508
21,2022-09-05,21-54PM,raw,True,0.075,136979,936,birch,"['f1', 'jaccard', 'precision', 'recall', 'mean_abs', 'mean_sqr']",0.7804036239873449,0.639886801352095,0.9133752244165172,0.6812285546907692,0.03344308251629812,0.03344308251629812,"['db', 'rand']",0.8356114342305457,0.16052143521839035
22,2022-09-05,21-55PM,raw,True,0.075,136979,937,birch,"['f1', 'jaccard', 'precision', 'recall', 'mean_abs', 'mean_sqr']",0.7804036239873449,0.639886801352095,0.9133752244165172,0.6812285546907692,0.03344308251629812,0.03344308251629812,"['db', 'rand']",0.8353193347775547,0.16051996904349775
23,2022-09-05,21-55PM,raw,True,0.075,136979,938,birch,"['f1', 'jaccard', 'precision', 'recall', 'mean_abs', 'mean_sqr']",0.7804036239873449,0.639886801352095,0.9133752244165172,0.6812285546907692,0.03344308251629812,0.03344308251629812,"['db', 'rand']",0.8349717459521684,0.1605197541537425
24,2022-09-05,21-55PM,raw,True,0.075,136979,939,birch,"['f1', 'jaccard', 'precision', 'recall', 'mean_abs', 'mean_sqr']",0.7804036239873449,0.639886801352095,0.9133752244165172,0.6812285546907692,0.03344308251629812,0.03344308251629812,"['db', 'rand']",0.8348759964042529,0.16051823201797616
25,2022-09-05,21-55PM,raw,True,0.075,136979,940,birch,"['f1', 'jaccard', 'precision', 'recall', 'mean_abs', 'mean_sqr']",0.7804036239873449,0.639886801352095,0.9133752244165172,0.6812285546907692,0.03344308251629812,0.03344308251629812,"['db', 'rand']",0.8349637860438377,0.16051703477505408
26,2022-09-05,21-55PM,raw,True,0.075,136979,941,birch,"['f1', 'jaccard', 'precision', 'recall', 'mean_abs', 'mean_sqr']",0.7804036239873449,0.639886801352095,0.9133752244165172,0.6812285546907692,0.03344308251629812,0.03344308251629812,"['db', 'rand']",0.8347682109875859,0.16051676381783292
27,2022-09-05,21-55PM,raw,True,0.075,136979,942,birch,"['f1', 'jaccard', 'precision', 'recall', 'mean_abs', 'mean_sqr']",0.7804036239873449,0.639886801352095,0.9133752244165172,0.6812285546907692,0.03344308251629812,0.03344308251629812,"['db', 'rand']",0.8354271199517241,0.16050972511242712
28,2022-09-05,21-55PM,raw,True,0.075,136979,943,birch,"['f1', 'jaccard', 'precision', 'recall', 'mean_abs', 'mean_sqr']",0.7804036239873449,0.639886801352095,0.9133752244165172,0.6812285546907692,0.03344308251629812,0.03344308251629812,"['db', 'rand']",0.8354359318028806,0.16050672560959342
29,2022-09-05,21-56PM,raw,True,0.075,136979,944,birch,"['f1', 'jaccard', 'precision', 'recall', 'mean_abs', 'mean_sqr']",0.7804036239873449,0.639886801352095,0.9133752244165172,0.6812285546907692,0.03344308251629812,0.03344308251629812,"['db', 'rand']",0.8356162881051589,0.16050377513914438
30,2022-09-05,21-56PM,raw,True,0.075,136979,945,birch,"['f1', 'jaccard', 'precision', 'recall', 'mean_abs', 'mean_sqr']",0.7818051232942304,0.6417734454838456,0.9136078782453,0.6832370909699557,0.03326787317764037,0.03326787317764037,"['db', 'rand']",0.8356132305930796,0.1605040923573545
31,2022-09-05,21-56PM,raw,True,0.075,136979,946,birch,"['f1', 'jaccard', 'precision', 'recall', 'mean_abs', 'mean_sqr']",0.7818051232942304,0.6417734454838456,0.9136078782453,0.6832370909699557,0.03326787317764037,0.03326787317764037,"['db', 'rand']",0.8357174012975517,0.16050203043898864
32,2022-09-05,21-56PM,raw,True,0.075,136979,947,birch,"['f1', 'jaccard', 'precision', 'recall', 'mean_abs', 'mean_sqr']",0.7818051232942304,0.6417734454838456,0.9136078782453,0.6832370909699557,0.03326787317764037,0.03326787317764037,"['db', 'rand']",0.8356876067606235,0.16049850010729527
33,2022-09-05,21-56PM,raw,True,0.075,136979,948,birch,"['f1', 'jaccard', 'precision', 'recall', 'mean_abs', 'mean_sqr']",0.7818051232942304,0.6417734454838456,0.9136078782453,0.6832370909699557,0.03326787317764037,0.03326787317764037,"['db', 'rand']",0.8361895694286337,0.16049707731540389
34,2022-09-05,21-56PM,raw,True,0.075,136979,949,birch,"['f1', 'jaccard', 'precision', 'recall', 'mean_abs', 'mean_sqr']",0.7818051232942304,0.6417734454838456,0.9136078782453,0.6832370909699557,0.03326787317764037,0.03326787317764037,"['db', 'rand']",0.8361070092311559,0.1604959774976982
35,2022-09-05,21-56PM,raw,True,0.075,136979,950,birch,"['f1', 'jaccard', 'precision', 'recall', 'mean_abs', 'mean_sqr']",0.7818051232942304,0.6417734454838456,0.9136078782453,0.6832370909699557,0.03326787317764037,0.03326787317764037,"['db', 'rand']",0.8357130029761158,0.16049427500803012
36,2022-09-05,21-57PM,raw,True,0.075,136979,951,birch,"['f1', 'jaccard', 'precision', 'recall', 'mean_abs', 'mean_sqr']",0.7818051232942304,0.6417734454838456,0.9136078782453,0.6832370909699557,0.03326787317764037,0.03326787317764037,"['db', 'rand']",0.8361040238898132,0.16049135267790615
37,2022-09-05,21-57PM,raw,True,0.075,136979,952,birch,"['f1', 'jaccard', 'precision', 'recall', 'mean_abs', 'mean_sqr']",0.7818051232942304,0.6417734454838456,0.9136078782453,0.6832370909699557,0.03326787317764037,0.03326787317764037,"['db', 'rand']",0.8362672319693841,0.16049010363120378
38,2022-09-05,21-57PM,raw,True,0.075,136979,953,birch,"['f1', 'jaccard', 'precision', 'recall', 'mean_abs', 'mean_sqr']",0.7818051232942304,0.6417734454838456,0.9136078782453,0.6832370909699557,0.03326787317764037,0.03326787317764037,"['db', 'rand']",0.8359348128739064,0.1604893622828666
39,2022-09-05,21-57PM,raw,True,0.075,136979,954,birch,"['f1', 'jaccard', 'precision', 'recall', 'mean_abs', 'mean_sqr']",0.7818051232942304,0.6417734454838456,0.9136078782453,0.6832370909699557,0.03326787317764037,0.03326787317764037,"['db', 'rand']",0.8358623815332376,0.16048667616092596
40,2022-09-05,21-57PM,raw,True,0.075,136979,955,birch,"['f1', 'jaccard', 'precision', 'recall', 'mean_abs', 'mean_sqr']",0.7818051232942304,0.6417734454838456,0.9136078782453,0.6832370909699557,0.03326787317764037,0.03326787317764037,"['db', 'rand']",0.8358294681483234,0.1604863619272958
41,2022-09-05,21-57PM,raw,True,0.075,136979,956,birch,"['f1', 'jaccard', 'precision', 'recall', 'mean_abs', 'mean_sqr']",0.7818051232942304,0.6417734454838456,0.9136078782453,0.6832370909699557,0.03326787317764037,0.03326787317764037,"['db', 'rand']",0.8357641232492041,0.1604857300490869
42,2022-09-05,21-57PM,raw,True,0.075,136979,957,birch,"['f1', 'jaccard', 'precision', 'recall', 'mean_abs', 'mean_sqr']",0.7818051232942304,0.6417734454838456,0.9136078782453,0.6832370909699557,0.03326787317764037,0.03326787317764037,"['db', 'rand']",0.8358704032217524,0.1604844475324524
43,2022-09-05,21-58PM,raw,True,0.075,136979,958,birch,"['f1', 'jaccard', 'precision', 'recall', 'mean_abs', 'mean_sqr']",0.7818051232942304,0.6417734454838456,0.9136078782453,0.6832370909699557,0.03326787317764037,0.03326787317764037,"['db', 'rand']",0.8359146823225991,0.16048344631247666
44,2022-09-05,21-58PM,raw,True,0.075,136979,959,birch,"['f1', 'jaccard', 'precision', 'recall', 'mean_abs', 'mean_sqr']",0.7818051232942304,0.6417734454838456,0.9136078782453,0.6832370909699557,0.03326787317764037,0.03326787317764037,"['db', 'rand']",0.8363597650420692,0.16048133578809476
45,2022-09-05,21-58PM,raw,True,0.075,136979,960,birch,"['f1', 'jaccard', 'precision', 'recall', 'mean_abs', 'mean_sqr']",0.7818051232942304,0.6417734454838456,0.9136078782453,0.6832370909699557,0.03326787317764037,0.03326787317764037,"['db', 'rand']",0.8369621916212366,0.1604809532289025
46,2022-09-05,21-58PM,raw,True,0.075,136979,961,birch,"['f1', 'jaccard', 'precision', 'recall', 'mean_abs', 'mean_sqr']",0.7818051232942304,0.6417734454838456,0.9136078782453,0.6832370909699557,0.03326787317764037,0.03326787317764037,"['db', 'rand']",0.8366699885609399,0.16048001308622328
47,2022-09-05,21-58PM,raw,True,0.075,136979,962,birch,"['f1', 'jaccard', 'precision', 'recall', 'mean_abs', 'mean_sqr']",0.7818051232942304,0.6417734454838456,0.9136078782453,0.6832370909699557,0.03326787317764037,0.03326787317764037,"['db', 'rand']",0.8363868025003183,0.16047699951322705
48,2022-09-05,21-58PM,raw,True,0.075,136979,963,birch,"['f1', 'jaccard', 'precision', 'recall', 'mean_abs', 'mean_sqr']",0.7818051232942304,0.6417734454838456,0.9136078782453,0.6832370909699557,0.03326787317764037,0.03326787317764037,"['db', 'rand']",0.8360461437428334,0.16047566220823234
49,2022-09-05,21-58PM,raw,True,0.075,136979,964,birch,"['f1', 'jaccard', 'precision', 'recall', 'mean_abs', 'mean_sqr']",0.7818051232942304,0.6417734454838456,0.9136078782453,0.6832370909699557,0.03326787317764037,0.03326787317764037,"['db', 'rand']",0.8364737190574565,0.16047353569502934
50,2022-09-05,21-59PM,raw,True,0.075,136979,965,birch,"['f1', 'jaccard', 'precision', 'recall', 'mean_abs', 'mean_sqr']",0.7818051232942304,0.6417734454838456,0.9136078782453,0.6832370909699557,0.03326787317764037,0.03326787317764037,"['db', 'rand']",0.8368885780352627,0.1604716937828415
51,2022-09-05,21-59PM,raw,True,0.075,136979,966,birch,"['f1', 'jaccard', 'precision', 'recall', 'mean_abs', 'mean_sqr']",0.7818051232942304,0.6417734454838456,0.9136078782453,0.6832370909699557,0.03326787317764037,0.03326787317764037,"['db', 'rand']",0.8368998321014458,0.16046960084616274
52,2022-09-05,21-59PM,raw,True,0.075,136979,967,birch,"['f1', 'jaccard', 'precision', 'recall', 'mean_abs', 'mean_sqr']",0.7818051232942304,0.6417734454838456,0.9136078782453,0.6832370909699557,0.03326787317764037,0.03326787317764037,"['db', 'rand']",0.8373048026117598,0.1604677717250318
53,2022-09-05,21-59PM,raw,True,0.075,136979,968,birch,"['f1', 'jaccard', 'precision', 'recall', 'mean_abs', 'mean_sqr']",0.7818051232942304,0.6417734454838456,0.9136078782453,0.6832370909699557,0.03326787317764037,0.03326787317764037,"['db', 'rand']",0.837281798065793,0.1604674945854665
54,2022-09-05,21-59PM,raw,True,0.075,136979,969,birch,"['f1', 'jaccard', 'precision', 'recall', 'mean_abs', 'mean_sqr']",0.7841777862196686,0.644977347289486,0.9063666300768386,0.6910201690518035,0.033180268508311496,0.033180268508311496,"['db', 'rand']",0.8371370653756796,0.16046769668416488
55,2022-09-05,21-59PM,raw,True,0.075,136979,970,birch,"['f1', 'jaccard', 'precision', 'recall', 'mean_abs', 'mean_sqr']",0.7841777862196686,0.644977347289486,0.9063666300768386,0.6910201690518035,0.033180268508311496,0.033180268508311496,"['db', 'rand']",0.8364215055015101,0.1604673474883126
56,2022-09-05,21-59PM,raw,True,0.075,136979,971,birch,"['f1', 'jaccard', 'precision', 'recall', 'mean_abs', 'mean_sqr']",0.7841777862196686,0.644977347289486,0.9063666300768386,0.6910201690518035,0.033180268508311496,0.033180268508311496,"['db', 'rand']",0.8363811944210838,0.16046570735504673
57,2022-09-05,22-00PM,raw,True,0.075,136979,972,birch,"['f1', 'jaccard', 'precision', 'recall', 'mean_abs', 'mean_sqr']",0.7841777862196686,0.644977347289486,0.9063666300768386,0.6910201690518035,0.033180268508311496,0.033180268508311496,"['db', 'rand']",0.8364241888680753,0.16046235609814938
58,2022-09-05,22-00PM,raw,True,0.075,136979,973,birch,"['f1', 'jaccard', 'precision', 'recall', 'mean_abs', 'mean_sqr']",0.7841777862196686,0.644977347289486,0.9063666300768386,0.6910201690518035,0.033180268508311496,0.033180268508311496,"['db', 'rand']",0.8366105352127741,0.16046123752022698
59,2022-09-05,22-00PM,raw,True,0.075,136979,974,birch,"['f1', 'jaccard', 'precision', 'recall', 'mean_abs', 'mean_sqr']",0.7841777862196686,0.644977347289486,0.9063666300768386,0.6910201690518035,0.033180268508311496,0.033180268508311496,"['db', 'rand']",0.8367248876762533,0.16045946382700904
60,2022-09-05,22-00PM,raw,True,0.075,136979,975,birch,"['f1', 'jaccard', 'precision', 'recall', 'mean_abs', 'mean_sqr']",0.7841777862196686,0.644977347289486,0.9063666300768386,0.6910201690518035,0.033180268508311496,0.033180268508311496,"['db', 'rand']",0.8368049670815453,0.16045778713263895
61,2022-09-05,22-00PM,raw,True,0.075,136979,976,birch,"['f1', 'jaccard', 'precision', 'recall', 'mean_abs', 'mean_sqr']",0.7841777862196686,0.644977347289486,0.9063666300768386,0.6910201690518035,0.033180268508311496,0.033180268508311496,"['db', 'rand']",0.8368762365019845,0.1604551095380696
62,2022-09-05,22-00PM,raw,True,0.075,136979,977,birch,"['f1', 'jaccard', 'precision', 'recall', 'mean_abs', 'mean_sqr']",0.7841777862196686,0.644977347289486,0.9063666300768386,0.6910201690518035,0.033180268508311496,0.033180268508311496,"['db', 'rand']",0.8367840195393628,0.16045363099848872
63,2022-09-05,22-00PM,raw,True,0.075,136979,978,birch,"['f1', 'jaccard', 'precision', 'recall', 'mean_abs', 'mean_sqr']",0.7841777862196686,0.644977347289486,0.9063666300768386,0.6910201690518035,0.033180268508311496,0.033180268508311496,"['db', 'rand']",0.836602144824084,0.16045180827288616
64,2022-09-05,22-01PM,raw,True,0.075,136979,979,birch,"['f1', 'jaccard', 'precision', 'recall', 'mean_abs', 'mean_sqr']",0.7841777862196686,0.644977347289486,0.9063666300768386,0.6910201690518035,0.033180268508311496,0.033180268508311496,"['db', 'rand']",0.8366027741029151,0.16044935238996902
65,2022-09-05,22-01PM,raw,True,0.075,136979,980,birch,"['f1', 'jaccard', 'precision', 'recall', 'mean_abs', 'mean_sqr']",0.7841777862196686,0.644977347289486,0.9063666300768386,0.6910201690518035,0.033180268508311496,0.033180268508311496,"['db', 'rand']",0.8363724133069023,0.16044786617575402
66,2022-09-05,22-01PM,raw,True,0.075,136979,981,birch,"['f1', 'jaccard', 'precision', 'recall', 'mean_abs', 'mean_sqr']",0.7841777862196686,0.644977347289486,0.9063666300768386,0.6910201690518035,0.033180268508311496,0.033180268508311496,"['db', 'rand']",0.8367343942576362,0.16044591394070076
67,2022-09-05,22-01PM,raw,True,0.075,136979,982,birch,"['f1', 'jaccard', 'precision', 'recall', 'mean_abs', 'mean_sqr']",0.7841777862196686,0.644977347289486,0.9063666300768386,0.6910201690518035,0.033180268508311496,0.033180268508311496,"['db', 'rand']",0.8370065086385471,0.16044390979527506
68,2022-09-05,22-01PM,raw,True,0.075,136979,983,birch,"['f1', 'jaccard', 'precision', 'recall', 'mean_abs', 'mean_sqr']",0.7841777862196686,0.644977347289486,0.9063666300768386,0.6910201690518035,0.033180268508311496,0.033180268508311496,"['db', 'rand']",0.8370680342608888,0.16044272022698708
69,2022-09-05,22-01PM,raw,True,0.075,136979,984,birch,"['f1', 'jaccard', 'precision', 'recall', 'mean_abs', 'mean_sqr']",0.7841777862196686,0.644977347289486,0.9063666300768386,0.6910201690518035,0.033180268508311496,0.033180268508311496,"['db', 'rand']",0.8372160232572929,0.1604415711637125
70,2022-09-05,22-01PM,raw,True,0.075,136979,985,birch,"['f1', 'jaccard', 'precision', 'recall', 'mean_abs', 'mean_sqr']",0.7841777862196686,0.644977347289486,0.9063666300768386,0.6910201690518035,0.033180268508311496,0.033180268508311496,"['db', 'rand']",0.8370490835714173,0.16044061439265936
71,2022-09-05,22-02PM,raw,True,0.075,136979,986,birch,"['f1', 'jaccard', 'precision', 'recall', 'mean_abs', 'mean_sqr']",0.7841777862196686,0.644977347289486,0.9063666300768386,0.6910201690518035,0.033180268508311496,0.033180268508311496,"['db', 'rand']",0.8368428756608988,0.1604405589647463
72,2022-09-05,22-02PM,raw,True,0.075,136979,987,birch,"['f1', 'jaccard', 'precision', 'recall', 'mean_abs', 'mean_sqr']",0.7841777862196686,0.644977347289486,0.9063666300768386,0.6910201690518035,0.033180268508311496,0.033180268508311496,"['db', 'rand']",0.8363968467168434,0.16043932739915495
73,2022-09-05,22-02PM,raw,True,0.075,136979,988,birch,"['f1', 'jaccard', 'precision', 'recall', 'mean_abs', 'mean_sqr']",0.7848702007498458,0.6459147008279956,0.9064898048673536,0.6920244371913967,0.03309266383898262,0.03309266383898262,"['db', 'rand']",0.8365762977256954,0.16043961136061724
74,2022-09-05,22-02PM,raw,True,0.075,136979,989,birch,"['f1', 'jaccard', 'precision', 'recall', 'mean_abs', 'mean_sqr']",0.7848702007498458,0.6459147008279956,0.9064898048673536,0.6920244371913967,0.03309266383898262,0.03309266383898262,"['db', 'rand']",0.8365851370210006,0.1604379297630087
75,2022-09-05,22-02PM,raw,True,0.075,136979,990,birch,"['f1', 'jaccard', 'precision', 'recall', 'mean_abs', 'mean_sqr']",0.7848702007498458,0.6459147008279956,0.9064898048673536,0.6920244371913967,0.03309266383898262,0.03309266383898262,"['db', 'rand']",0.8369566845446644,0.16043730619898675
76,2022-09-05,22-02PM,raw,True,0.075,136979,991,birch,"['f1', 'jaccard', 'precision', 'recall', 'mean_abs', 'mean_sqr']",0.7848702007498458,0.6459147008279956,0.9064898048673536,0.6920244371913967,0.03309266383898262,0.03309266383898262,"['db', 'rand']",0.8367872341839415,0.16043481407474186
77,2022-09-05,22-02PM,raw,True,0.075,136979,992,birch,"['f1', 'jaccard', 'precision', 'recall', 'mean_abs', 'mean_sqr']",0.7848702007498458,0.6459147008279956,0.9064898048673536,0.6920244371913967,0.03309266383898262,0.03309266383898262,"['db', 'rand']",0.8366549548852026,0.16043291460279815
78,2022-09-05,22-03PM,raw,True,0.075,136979,993,birch,"['f1', 'jaccard', 'precision', 'recall', 'mean_abs', 'mean_sqr']",0.7848702007498458,0.6459147008279956,0.9064898048673536,0.6920244371913967,0.03309266383898262,0.03309266383898262,"['db', 'rand']",0.8364140888389695,0.16043278477357106
79,2022-09-05,22-03PM,raw,True,0.075,136979,994,birch,"['f1', 'jaccard', 'precision', 'recall', 'mean_abs', 'mean_sqr']",0.7848702007498458,0.6459147008279956,0.9064898048673536,0.6920244371913967,0.03309266383898262,0.03309266383898262,"['db', 'rand']",0.8360167159478299,0.16043278264172822
80,2022-09-05,22-03PM,raw,True,0.075,136979,995,birch,"['f1', 'jaccard', 'precision', 'recall', 'mean_abs', 'mean_sqr']",0.7855042216108528,0.6467739415716295,0.9066024307456476,0.6929450163193572,0.033012359558764484,0.033012359558764484,"['db', 'rand']",0.8365867692957413,0.16043298783159868
81,2022-09-05,22-03PM,raw,True,0.075,136979,996,birch,"['f1', 'jaccard', 'precision', 'recall', 'mean_abs', 'mean_sqr']",0.7855042216108528,0.6467739415716295,0.9066024307456476,0.6929450163193572,0.033012359558764484,0.033012359558764484,"['db', 'rand']",0.8367335106901214,0.1604308636634228
82,2022-09-05,22-03PM,raw,True,0.075,136979,997,birch,"['f1', 'jaccard', 'precision', 'recall', 'mean_abs', 'mean_sqr']",0.7855042216108528,0.6467739415716295,0.9066024307456476,0.6929450163193572,0.033012359558764484,0.033012359558764484,"['db', 'rand']",0.8366512624174636,0.16043007658705732
83,2022-09-05,22-03PM,raw,True,0.075,136979,998,birch,"['f1', 'jaccard', 'precision', 'recall', 'mean_abs', 'mean_sqr']",0.7855042216108528,0.6467739415716295,0.9066024307456476,0.6929450163193572,0.033012359558764484,0.033012359558764484,"['db', 'rand']",0.8367233503521447,0.1604290558607199
84,2022-09-05,22-03PM,raw,True,0.075,136979,999,birch,"['f1', 'jaccard', 'precision', 'recall', 'mean_abs', 'mean_sqr']",0.7855042216108528,0.6467739415716295,0.9066024307456476,0.6929450163193572,0.033012359558764484,0.033012359558764484,"['db', 'rand']",0.8363701078643937,0.16042782664015565
85,2022-09-05,22-04PM,raw,True,0.075,136979,1000,birch,"['f1', 'jaccard', 'precision', 'recall', 'mean_abs', 'mean_sqr']",0.7855042216108528,0.6467739415716295,0.9066024307456476,0.6929450163193572,0.033012359558764484,0.033012359558764484,"['db', 'rand']",0.8363715243554641,0.1604267908843264
86,2022-09-05,22-04PM,raw,True,0.075,136979,1001,birch,"['f1', 'jaccard', 'precision', 'recall', 'mean_abs', 'mean_sqr']",0.7858225928733888,0.6472057446144239,0.9057345712725288,0.6939492844589505,0.032997758780543,0.032997758780543,"['db', 'rand']",0.8369143401573907,0.1604268333079983
87,2022-09-05,22-04PM,raw,True,0.075,136979,1002,birch,"['f1', 'jaccard', 'precision', 'recall', 'mean_abs', 'mean_sqr']",0.7858225928733888,0.6472057446144239,0.9057345712725288,0.6939492844589505,0.032997758780543,0.032997758780543,"['db', 'rand']",0.8367246521460731,0.16042560536653974
88,2022-09-05,22-04PM,raw,True,0.075,136979,1003,birch,"['f1', 'jaccard', 'precision', 'recall', 'mean_abs', 'mean_sqr']",0.7858225928733888,0.6472057446144239,0.9057345712725288,0.6939492844589505,0.032997758780543,0.032997758780543,"['db', 'rand']",0.8366234115128108,0.16042432753995944
89,2022-09-05,22-04PM,raw,True,0.075,136979,1004,birch,"['f1', 'jaccard', 'precision', 'recall', 'mean_abs', 'mean_sqr']",0.7858225928733888,0.6472057446144239,0.9057345712725288,0.6939492844589505,0.032997758780543,0.032997758780543,"['db', 'rand']",0.8362936587073276,0.16042345550965803
90,2022-09-05,22-04PM,raw,True,0.075,136979,1005,birch,"['f1', 'jaccard', 'precision', 'recall', 'mean_abs', 'mean_sqr']",0.7858225928733888,0.6472057446144239,0.9057345712725288,0.6939492844589505,0.032997758780543,0.032997758780543,"['db', 'rand']",0.8366074819036315,0.16042092799682245
91,2022-09-05,22-04PM,raw,True,0.075,136979,1006,birch,"['f1', 'jaccard', 'precision', 'recall', 'mean_abs', 'mean_sqr']",0.7858225928733888,0.6472057446144239,0.9057345712725288,0.6939492844589505,0.032997758780543,0.032997758780543,"['db', 'rand']",0.8366096708348311,0.1604188404963429
92,2022-09-05,22-05PM,raw,True,0.075,136979,1007,birch,"['f1', 'jaccard', 'precision', 'recall', 'mean_abs', 'mean_sqr']",0.7858225928733888,0.6472057446144239,0.9057345712725288,0.6939492844589505,0.032997758780543,0.032997758780543,"['db', 'rand']",0.8372543700381846,0.16041664619053855
93,2022-09-05,22-05PM,raw,True,0.075,136979,1008,birch,"['f1', 'jaccard', 'precision', 'recall', 'mean_abs', 'mean_sqr']",0.7858225928733888,0.6472057446144239,0.9057345712725288,0.6939492844589505,0.032997758780543,0.032997758780543,"['db', 'rand']",0.8374661753997799,0.1604161217572073
94,2022-09-05,22-05PM,raw,True,0.075,136979,1009,birch,"['f1', 'jaccard', 'precision', 'recall', 'mean_abs', 'mean_sqr']",0.7858225928733888,0.6472057446144239,0.9057345712725288,0.6939492844589505,0.032997758780543,0.032997758780543,"['db', 'rand']",0.8373431164807394,0.16041546493643752
95,2022-09-05,22-05PM,raw,True,0.075,136979,1010,birch,"['f1', 'jaccard', 'precision', 'recall', 'mean_abs', 'mean_sqr']",0.7858225928733888,0.6472057446144239,0.9057345712725288,0.6939492844589505,0.032997758780543,0.032997758780543,"['db', 'rand']",0.8370723752693804,0.16041535152240002
96,2022-09-05,22-05PM,raw,True,0.075,136979,1011,birch,"['f1', 'jaccard', 'precision', 'recall', 'mean_abs', 'mean_sqr']",0.7858225928733888,0.6472057446144239,0.9057345712725288,0.6939492844589505,0.032997758780543,0.032997758780543,"['db', 'rand']",0.837095575419285,0.1604131683021783
97,2022-09-05,22-05PM,raw,True,0.075,136979,1012,birch,"['f1', 'jaccard', 'precision', 'recall', 'mean_abs', 'mean_sqr']",0.7858225928733888,0.6472057446144239,0.9057345712725288,0.6939492844589505,0.032997758780543,0.032997758780543,"['db', 'rand']",0.8373943988136073,0.1604121482153937
98,2022-09-05,22-05PM,raw,True,0.075,136979,1013,birch,"['f1', 'jaccard', 'precision', 'recall', 'mean_abs', 'mean_sqr']",0.7858225928733888,0.6472057446144239,0.9057345712725288,0.6939492844589505,0.032997758780543,0.032997758780543,"['db', 'rand']",0.8370328393172937,0.16040958744581033
99,2022-09-05,22-06PM,raw,True,0.075,136979,1014,birch,"['f1', 'jaccard', 'precision', 'recall', 'mean_abs', 'mean_sqr']",0.7858225928733888,0.6472057446144239,0.9057345712725288,0.6939492844589505,0.032997758780543,0.032997758780543,"['db', 'rand']",0.8371026870099906,0.16040958232938754
100,2022-09-05,22-06PM,raw,True,0.075,136979,1015,birch,"['f1', 'jaccard', 'precision', 'recall', 'mean_abs', 'mean_sqr']",0.7858225928733888,0.6472057446144239,0.9057345712725288,0.6939492844589505,0.032997758780543,0.032997758780543,"['db', 'rand']",0.8375141165721914,0.16040657536510405
101,2022-09-05,22-06PM,raw,True,0.075,136979,1016,birch,"['f1', 'jaccard', 'precision', 'recall', 'mean_abs', 'mean_sqr']",0.7858225928733888,0.6472057446144239,0.9057345712725288,0.6939492844589505,0.032997758780543,0.032997758780543,"['db', 'rand']",0.8373389420975983,0.16040474880218444
102,2022-09-05,22-06PM,raw,True,0.075,136979,1017,birch,"['f1', 'jaccard', 'precision', 'recall', 'mean_abs', 'mean_sqr']",0.7858225928733888,0.6472057446144239,0.9057345712725288,0.6939492844589505,0.032997758780543,0.032997758780543,"['db', 'rand']",0.8372690199202426,0.16040348781716232
103,2022-09-05,22-06PM,raw,True,0.075,136979,1018,birch,"['f1', 'jaccard', 'precision', 'recall', 'mean_abs', 'mean_sqr']",0.7858225928733888,0.6472057446144239,0.9057345712725288,0.6939492844589505,0.032997758780543,0.032997758780543,"['db', 'rand']",0.8370066454739852,0.16040348142163388
104,2022-09-05,22-06PM,raw,True,0.075,136979,1019,birch,"['f1', 'jaccard', 'precision', 'recall', 'mean_abs', 'mean_sqr']",0.7858225928733888,0.6472057446144239,0.9057345712725288,0.6939492844589505,0.032997758780543,0.032997758780543,"['db', 'rand']",0.8372126939793091,0.16040263209545838
105,2022-09-05,22-06PM,raw,True,0.075,136979,1020,birch,"['f1', 'jaccard', 'precision', 'recall', 'mean_abs', 'mean_sqr']",0.7858225928733888,0.6472057446144239,0.9057345712725288,0.6939492844589505,0.032997758780543,0.032997758780543,"['db', 'rand']",0.8373378576030697,0.16040260864518746
106,2022-09-05,22-07PM,raw,True,0.075,136979,1021,birch,"['f1', 'jaccard', 'precision', 'recall', 'mean_abs', 'mean_sqr']",0.7858225928733888,0.6472057446144239,0.9057345712725288,0.6939492844589505,0.032997758780543,0.032997758780543,"['db', 'rand']",0.8373539125018227,0.1604008081973423
107,2022-09-05,22-07PM,raw,True,0.075,136979,1022,birch,"['f1', 'jaccard', 'precision', 'recall', 'mean_abs', 'mean_sqr']",0.7858225928733888,0.6472057446144239,0.9057345712725288,0.6939492844589505,0.032997758780543,0.032997758780543,"['db', 'rand']",0.8367078385520288,0.1603999534349676
108,2022-09-05,22-07PM,raw,True,0.075,136979,1023,birch,"['f1', 'jaccard', 'precision', 'recall', 'mean_abs', 'mean_sqr']",0.7858225928733888,0.6472057446144239,0.9057345712725288,0.6939492844589505,0.032997758780543,0.032997758780543,"['db', 'rand']",0.8365385807461078,0.16039884967335272
109,2022-09-05,22-07PM,raw,True,0.075,136979,1024,birch,"['f1', 'jaccard', 'precision', 'recall', 'mean_abs', 'mean_sqr']",0.7858225928733888,0.6472057446144239,0.9057345712725288,0.6939492844589505,0.032997758780543,0.032997758780543,"['db', 'rand']",0.8365880892716431,0.1603974887049028
110,2022-09-05,22-07PM,raw,True,0.075,136979,1025,birch,"['f1', 'jaccard', 'precision', 'recall', 'mean_abs', 'mean_sqr']",0.7858225928733888,0.6472057446144239,0.9057345712725288,0.6939492844589505,0.032997758780543,0.032997758780543,"['db', 'rand']",0.8370499764725843,0.1603971673295992
111,2022-09-05,22-07PM,raw,True,0.075,136979,1026,birch,"['f1', 'jaccard', 'precision', 'recall', 'mean_abs', 'mean_sqr']",0.7858225928733888,0.6472057446144239,0.9057345712725288,0.6939492844589505,0.032997758780543,0.032997758780543,"['db', 'rand']",0.8368291944857171,0.1603945336509917
112,2022-09-05,22-07PM,raw,True,0.075,136979,1027,birch,"['f1', 'jaccard', 'precision', 'recall', 'mean_abs', 'mean_sqr']",0.7858225928733888,0.6472057446144239,0.9057345712725288,0.6939492844589505,0.032997758780543,0.032997758780543,"['db', 'rand']",0.8370956468049979,0.16039346239997967
113,2022-09-05,22-08PM,raw,True,0.075,136979,1028,birch,"['f1', 'jaccard', 'precision', 'recall', 'mean_abs', 'mean_sqr']",0.7858225928733888,0.6472057446144239,0.9057345712725288,0.6939492844589505,0.032997758780543,0.032997758780543,"['db', 'rand']",0.8371788252038654,0.16039102996733345
114,2022-09-05,22-08PM,raw,True,0.075,136979,1029,birch,"['f1', 'jaccard', 'precision', 'recall', 'mean_abs', 'mean_sqr']",0.7858225928733888,0.6472057446144239,0.9057345712725288,0.6939492844589505,0.032997758780543,0.032997758780543,"['db', 'rand']",0.8367419098714658,0.1603893809869199
115,2022-09-05,22-08PM,raw,True,0.075,136979,1030,birch,"['f1', 'jaccard', 'precision', 'recall', 'mean_abs', 'mean_sqr']",0.7858225928733888,0.6472057446144239,0.9057345712725288,0.6939492844589505,0.032997758780543,0.032997758780543,"['db', 'rand']",0.8367535158771877,0.1603858181446237
116,2022-09-05,22-08PM,raw,True,0.075,136979,1031,birch,"['f1', 'jaccard', 'precision', 'recall', 'mean_abs', 'mean_sqr']",0.7858225928733888,0.6472057446144239,0.9057345712725288,0.6939492844589505,0.032997758780543,0.032997758780543,"['db', 'rand']",0.8362124593027609,0.16038520929031716
117,2022-09-05,22-08PM,raw,True,0.075,136979,1032,birch,"['f1', 'jaccard', 'precision', 'recall', 'mean_abs', 'mean_sqr']",0.7858225928733888,0.6472057446144239,0.9057345712725288,0.6939492844589505,0.032997758780543,0.032997758780543,"['db', 'rand']",0.8361954804581012,0.16038480424018325
118,2022-09-05,22-08PM,raw,True,0.075,136979,1033,birch,"['f1', 'jaccard', 'precision', 'recall', 'mean_abs', 'mean_sqr']",0.7858225928733888,0.6472057446144239,0.9057345712725288,0.6939492844589505,0.032997758780543,0.032997758780543,"['db', 'rand']",0.8356880006534279,0.1603847296256849
119,2022-09-05,22-08PM,raw,True,0.075,136979,1034,birch,"['f1', 'jaccard', 'precision', 'recall', 'mean_abs', 'mean_sqr']",0.7858225928733888,0.6472057446144239,0.9057345712725288,0.6939492844589505,0.032997758780543,0.032997758780543,"['db', 'rand']",0.8357217291558348,0.16038425124015834
120,2022-09-05,22-09PM,raw,True,0.075,136979,1035,birch,"['f1', 'jaccard', 'precision', 'recall', 'mean_abs', 'mean_sqr']",0.7858225928733888,0.6472057446144239,0.9057345712725288,0.6939492844589505,0.032997758780543,0.032997758780543,"['db', 'rand']",0.8355965163826367,0.16038183735454456
121,2022-09-05,22-09PM,raw,True,0.075,136979,1036,birch,"['f1', 'jaccard', 'precision', 'recall', 'mean_abs', 'mean_sqr']",0.7858225928733888,0.6472057446144239,0.9057345712725288,0.6939492844589505,0.032997758780543,0.032997758780543,"['db', 'rand']",0.8354665498070017,0.16037932945466285
122,2022-09-05,22-09PM,raw,True,0.075,136979,1037,birch,"['f1', 'jaccard', 'precision', 'recall', 'mean_abs', 'mean_sqr']",0.7858225928733888,0.6472057446144239,0.9057345712725288,0.6939492844589505,0.032997758780543,0.032997758780543,"['db', 'rand']",0.8357936172480435,0.16037734342990104
123,2022-09-05,22-09PM,raw,True,0.075,136979,1038,birch,"['f1', 'jaccard', 'precision', 'recall', 'mean_abs', 'mean_sqr']",0.7858225928733888,0.6472057446144239,0.9057345712725288,0.6939492844589505,0.032997758780543,0.032997758780543,"['db', 'rand']",0.8355580538736425,0.16037414886345025
124,2022-09-05,22-09PM,raw,True,0.075,136979,1039,birch,"['f1', 'jaccard', 'precision', 'recall', 'mean_abs', 'mean_sqr']",0.7858225928733888,0.6472057446144239,0.9057345712725288,0.6939492844589505,0.032997758780543,0.032997758780543,"['db', 'rand']",0.8359264404915554,0.16037164906457124
125,2022-09-05,22-09PM,raw,True,0.075,136979,1040,birch,"['f1', 'jaccard', 'precision', 'recall', 'mean_abs', 'mean_sqr']",0.7858225928733888,0.6472057446144239,0.9057345712725288,0.6939492844589505,0.032997758780543,0.032997758780543,"['db', 'rand']",0.8362188465455747,0.1603701422780731
126,2022-09-05,22-10PM,raw,True,0.075,136979,1041,birch,"['f1', 'jaccard', 'precision', 'recall', 'mean_abs', 'mean_sqr']",0.7858225928733888,0.6472057446144239,0.9057345712725288,0.6939492844589505,0.032997758780543,0.032997758780543,"['db', 'rand']",0.8366173304992341,0.16036823758311453
127,2022-09-05,22-10PM,raw,True,0.075,136979,1042,birch,"['f1', 'jaccard', 'precision', 'recall', 'mean_abs', 'mean_sqr']",0.7858225928733888,0.6472057446144239,0.9057345712725288,0.6939492844589505,0.032997758780543,0.032997758780543,"['db', 'rand']",0.8365037217113347,0.16036583094576629
128,2022-09-05,22-10PM,raw,True,0.075,136979,1043,birch,"['f1', 'jaccard', 'precision', 'recall', 'mean_abs', 'mean_sqr']",0.7858225928733888,0.6472057446144239,0.9057345712725288,0.6939492844589505,0.032997758780543,0.032997758780543,"['db', 'rand']",0.8365559705513219,0.16036495305289716
129,2022-09-05,22-10PM,raw,True,0.075,136979,1044,birch,"['f1', 'jaccard', 'precision', 'recall', 'mean_abs', 'mean_sqr']",0.7858225928733888,0.6472057446144239,0.9057345712725288,0.6939492844589505,0.032997758780543,0.032997758780543,"['db', 'rand']",0.836433577962915,0.16036388094914794
130,2022-09-05,22-10PM,raw,True,0.075,136979,1045,birch,"['f1', 'jaccard', 'precision', 'recall', 'mean_abs', 'mean_sqr']",0.7858225928733888,0.6472057446144239,0.9057345712725288,0.6939492844589505,0.032997758780543,0.032997758780543,"['db', 'rand']",0.8362558528258061,0.1603638796700423
131,2022-09-05,22-10PM,raw,True,0.075,136979,1046,birch,"['f1', 'jaccard', 'precision', 'recall', 'mean_abs', 'mean_sqr']",0.7858225928733888,0.6472057446144239,0.9057345712725288,0.6939492844589505,0.032997758780543,0.032997758780543,"['db', 'rand']",0.8363356224106655,0.16036303546028952
132,2022-09-05,22-10PM,raw,True,0.075,136979,1047,birch,"['f1', 'jaccard', 'precision', 'recall', 'mean_abs', 'mean_sqr']",0.7858225928733888,0.6472057446144239,0.9057345712725288,0.6939492844589505,0.032997758780543,0.032997758780543,"['db', 'rand']",0.8360909489794668,0.16036294240535087
133,2022-09-05,22-11PM,raw,True,0.075,136979,1048,birch,"['f1', 'jaccard', 'precision', 'recall', 'mean_abs', 'mean_sqr']",0.7944860988217762,0.6590434984161323,0.8956320873582528,0.7138672692275504,0.03221661714569386,0.03221661714569386,"['db', 'rand']",0.8363529015716878,0.16036423121092164
